Title,Sub_title,Price in Euro per month,Features,Surface_area,No of rooms,Agent
Apartment Rustenburgerstraat 146 A20,1073 GJ Amsterdam (Nieuwe Pijp),2300,Furnished,55,3,ViaDaan
Apartment Herculesstraat,1076 SM Amsterdam (Stadionbuurt),2250,Furnished,65,3,Klok Real Estate
Apartment Willem Frederik Hermansstraat 69,1011 DG Amsterdam (Nieuwmarkt/Lastage),3750,Upholstered,122,4,Renthouse Vastgoed
Apartment Prinseneiland 50 2L,1013 LR Amsterdam (Haarlemmerbuurt),2700,Furnished,110,3,Renthouse Vastgoed
Apartment Marco Polostraat 263 3,1056 DM Amsterdam (Van Galenbuurt),1700,Upholstered or furnished,50,2,HousingNet
Apartment Europaplein,1078 GZ Amsterdam (Scheldebuurt),2200,Upholstered,95,4,Aham Vastgoed
Apartment Nicolaas Maesstraat 65 3,1071 PR Amsterdam (Museumkwartier),2500,²3 rooms1906-1930,62,3,Recourt Makelaars
Apartment Baarsjesweg 250 3,1058 AB Amsterdam (Westindische Buurt),2500,Furnished,90,2,Expat Rental Scout
House Balearenlaan 82,1060 TM Amsterdam (Middelveldsche Akerpolder),2750,Furnished,210,7,EHR Amsterdam
Apartment Willem Augustinstraat,1061 MJ Amsterdam (De Kolenkit),1800,Furnished,71,2,Hendriks Housing
Apartment Koningin Wilhelminaplein,1062 KS Amsterdam (Westlandgracht),2100,²3 rooms2016,80,3,Wooove B.V.
Apartment Rapenburgerstraat 155 D,1011 VM Amsterdam (Nieuwmarkt/Lastage),2200,Upholstered,75,3,Amsterdam Wonen
Apartment Tweede Anjeliersdwarsstraat 22 A,1015 NT Amsterdam (Jordaan),1495,Upholstered,45,2,LIV Residential
Apartment Eerste Sweelinckstraat,1073 CM Amsterdam (Oude Pijp),2825,Furnished,98,4,BIC Makelaardij
Apartment Reijnier Vinkeleskade 64 D,1071 SX Amsterdam (Museumkwartier),5000,Upholstered,120,4,Broersma Makelaardij
Apartment Waldeck Pyrmontlaan 4 IV,1075 BV Amsterdam (Willemspark),3500,²3 rooms1906-1930,120,3,Valerius Rentals
Apartment Hagedoornplein 20,1031 BV Amsterdam (Volewijck),4000,Upholstered,141,5,DSTRCT Amsterdam
Apartment Javastraat 48 2,1094 HJ Amsterdam (Indische Buurt West),1750,Furnished,55,2,Yourhome Makelaars
Apartment Omval,1096 AA Amsterdam (Omval/Overamstel),2250,Upholstered,97,3,Ankersmit Makelaars Amsterdam
Apartment Tweede van Swindenstraat 186 H,1093 XA Amsterdam (Dapperbuurt),2750,Furnished,75,3,JLG Real Estate
Apartment Binnenkant,1011 BR Amsterdam (Nieuwmarkt/Lastage),1750,Before 1906,63,2,Keij & Stefels Makelaars en Taxateurs
Apartment Kalkmarkt,1011 BC Amsterdam (Nieuwmarkt/Lastage),2995,Furnished,125,5,HouseHunting Randstad
Apartment Kalkmarkt,1011 BC Amsterdam (Nieuwmarkt/Lastage),2750,Furnished,95,3,HouseHunting Randstad
Apartment De Clercqstraat,1052 NH Amsterdam (Da Costabuurt),2150,Furnished,67,1,123Wonen Amsterdam
Studio Windjammerdijk,1086 VC Amsterdam (IJburg West),1600,Furnished,65,1,123Wonen Amsterdam
Apartment Cliostraat,1077 KA Amsterdam (Apollobuurt),2250,Furnished,70,3,Amsterdam Rentals
Apartment Hoofdweg,1055 SC Amsterdam (De Kolenkit),2150,Furnished,100,3,Housing Experts
Apartment Willem Frederik Hermansstraat,1011 DG Amsterdam (Nieuwmarkt/Lastage),5000,Furnished,170,5,Roomservice Amsterdam
Apartment Falckstraat 49 3,1017 VV Amsterdam (De Weteringschans),3500,Upholstered,140,4,HousingNet
Apartment Kleiburg 518,"1104 EA Amsterdam (Bijlmer Oost (E,G,K))",1550,Upholstered,75,3,HousingNet
Apartment Ponserstraat 26,1033 DL Amsterdam (Tuindorp Oostzaan),1850,Furnished,60,2,Oei Housing Amsterdam - Expat Apartments
Apartment Rustenburgerstraat 146 A20,1073 GJ Amsterdam (Nieuwe Pijp),2300,Furnished,55,3,ViaDaan
Apartment Willem Frederik Hermansstraat,1011 DG Amsterdam (Nieuwmarkt/Lastage),2150,Furnished,68,2,Roomservice Amsterdam
Apartment IJburglaan,1087 EN Amsterdam (IJburg West),2500,Furnished,96,3,Expats. Amsterdam Rentals
Apartment Zeeburgerdijk,1094 AJ Amsterdam (Indische Buurt West),2000,Upholstered,68,3,Interhouse verhuurmakelaars Amsterdam
Apartment Eerste Nassaustraat,1052 BH Amsterdam (Staatsliedenbuurt),2950,Furnished,100,3,Expats. Amsterdam Rentals
Apartment Ridderspoorweg,1032 LL Amsterdam (Noordelijke IJ-oevers West),3250,Furnished,98,3,Brinkman Fine Real Estate
Apartment Dusartstraat,1072 HT Amsterdam (Nieuwe Pijp),2150,Upholstered,67,2,LV Housing
Apartment Lutmastraat 34 C,1072 PJ Amsterdam (Nieuwe Pijp),1800,Upholstered or furnished,75,3,HousingNet
Apartment Jan van Duivenvoordestraat 157,1067 MT Amsterdam (Geuzenveld),2100,Furnished,94,3,Expat Rental Scout
Apartment Wittgensteinlaan,1062 KJ Amsterdam (Westlandgracht),2000,Furnished,88,3,Out Amsterdam
Apartment Koninginneweg 225 2,1075 CS Amsterdam (Willemspark),3450,Furnished,75,3,Parker & Williams Real Estate Services
Apartment August Allebéplein 195,1062 AB Amsterdam (Overtoomse Veld),1495,Upholstered,53,3,LIV Residential
Apartment August Allebéplein 105,1062 AB Amsterdam (Overtoomse Veld),1495,Upholstered,53,3,LIV Residential
Apartment Zocherstraat 12 4,1054 LX Amsterdam (Overtoomse Sluis),2295,²4 rooms1906-1930,90,4,Rappange Makelaardij
Apartment Céramiquelaan,1031 KG Amsterdam (Noordelijke IJ-oevers West),2350,Upholstered,70,3,Interhouse verhuurmakelaars Amsterdam
Apartment Rosmarijnsteeg,1012 RP Amsterdam (Burgwallen-Nieuwe Zijde),2100,Furnished,50,2,Housing Agency
Apartment Jan van Riebeekstraat 26 3,1057 ZZ Amsterdam (Chassébuurt),1695,Upholstered,60,3,ViaDaan
Studio Nieuwezijds Voorburgwal,1012 RK Amsterdam (Burgwallen-Nieuwe Zijde),925,Upholstered or furnished,26,1,Central Rentals B.V.
Apartment Ertskade 178,1019 BB Amsterdam (Oostelijk Havengebied),1775,Upholstered,78,3,LIV Residential
Apartment Andreas Schelfhoutstraat,1058 HV Amsterdam (Hoofddorppleinbuurt),1500,Furnished,50,2,Housing Agency
Apartment Stadionweg 37 III,1077 RW Amsterdam (Apollobuurt),6250,Upholstered,232,6,Valerius Rentals
Apartment Ombilinstraat,1094 NV Amsterdam (Indische Buurt West),2250,Upholstered or furnished,88,3,Kapitaal Kompas B.V.
Apartment Boutenburg 231,1068 ZE Amsterdam (Osdorp-Oost),2500,Furnished,65,3,Amsterdam Housing
Apartment Overtoom 216 IV,1054 HZ Amsterdam (Helmersbuurt),1950,Upholstered,65,2,Alcoco.nl
Apartment Avercampstraat 62,1072 RB Amsterdam (Nieuwe Pijp),1850,Furnished,60,3,Peter Bruin Makelaardij
Apartment Rijnstraat,1078 PW Amsterdam (IJselbuurt),2650,Upholstered,72,3,BIC Makelaardij
Room Langswater,1069 EC Amsterdam (De Punt),700,Furnished,15,1,LV Housing
Apartment Egelantiersgracht 83 3,1015 RE Amsterdam (Jordaan),2850,Upholstered,90,3,House of Rentals
Apartment Vespuccistraat,1057 CK Amsterdam (Hoofdweg e.o.),1900,Upholstered,56,3,BIC Makelaardij
Apartment Rietlandpark,1019 DS Amsterdam (Oostelijk Havengebied),2000,Furnished,80,3,Housing Experts
Apartment Bellamystraat,1053 BG Amsterdam (Kinkerbuurt),3950,²,100,4,Van Maarschalkerwaart Makelaars
Apartment Rustenburgerstraat 146 A20,1073 GJ Amsterdam (Nieuwe Pijp),2300,Furnished,55,3,ViaDaan
Apartment Derde Hugo de Grootstraat,1052 LK Amsterdam (Frederik Hendrikbuurt),1850,Upholstered,51,2,Engel en Volkers Amsterdam Centrum
Apartment Kastanjeweg 2 HS,1092 CE Amsterdam (Oosterparkbuurt),3250,²,130,4,Smit & Heinen Makelaars en Taxateurs
Apartment Eerste Helmersstraat 238 4,1054 ER Amsterdam (Overtoomse Sluis),1950,Upholstered or furnished,50,2,Huizenbalie.nl
Apartment Fokke Simonszstraat,1017 TG Amsterdam (De Weteringschans),2450,Upholstered,69,1,Hausing
Apartment Rubensstraat,1077 MV Amsterdam (Apollobuurt),3750,Furnished,127,5,Heeren Makelaars B.V.
Apartment Ferguutstraat,1055 SV Amsterdam (Erasmuspark),1650,Upholstered,53,3,CITYHOP Real Estate
Apartment Faas Wilkesstraat 161 A,1095 MD Amsterdam (Zeeburgereiland/Nieuwe Diep),1395,Shell,73,2,LIV Residential
Apartment Singel,1017 AX Amsterdam (Grachtengordel-Zuid),1950,Upholstered,52,2,Hausing
Apartment IJburglaan 883,1087 EN Amsterdam (IJburg West),2500,Upholstered,123,4,JLG Real Estate
Apartment Van Reigersbergenstraat 522,1052 WG Amsterdam (Frederik Hendrikbuurt),2000,Furnished,80,3,Amsterdam Housing
Apartment Burmanstraat,1091 SK Amsterdam (Weesperzijde),1795,Furnished,50,2,A Plus Apartments
Apartment Hemonystraat 1 II,1074 BK Amsterdam (Oude Pijp),2750,Upholstered,110,4,Grand Relocation
Apartment Gerard Doustraat,1073 XB Amsterdam (Oude Pijp),1850,Upholstered,46,2,BIC Makelaardij
Apartment Slotermeerlaan,1064 GZ Amsterdam (Slotermeer-Zuidwest),1700,Furnished,75,2,Expathousing.com (Amsterdam)
Apartment Willem Parelstraat 268,1018 KZ Amsterdam (Oostelijke Eilanden/Kadijken),1995,Furnished,45,2,AmsterHomes
Apartment Overtoom 72 1,1054 HL Amsterdam (Helmersbuurt),2100,Upholstered,58,3,LIV Residential
Apartment Woestduinstraat 42 1,1058 TG Amsterdam (Hoofddorppleinbuurt),1895,Upholstered,54,3,LIV Residential
Apartment Singel 103 3,1012 VG Amsterdam (Burgwallen-Nieuwe Zijde),2500,Furnished,110,3,Van Huis Uit Makelaars
Apartment Noorderstraat 58 B,1017 TV Amsterdam (De Weteringschans),2500,Furnished,79,3,JLG Real Estate
Apartment Prins Hendriklaan 38 D,1075 BD Amsterdam (Willemspark),2350,Upholstered or furnished,100,3,Ing. Roelfzema Vastgoedadviseurs BV
Apartment Bilderdijkstraat,1052 NA Amsterdam (Da Costabuurt),2250,Upholstered,80,3,Expathousing.com (Amsterdam)
Apartment Bestevâerstraat,1055 TM Amsterdam (Landlust),1650,Furnished,60,3,HB Housing
Apartment Amstelkade,1078 BA Amsterdam (Scheldebuurt),2700,²4 rooms1929,104,4,Heeren Makelaars B.V.
Apartment George Sandstraat 2,"1102 AG Amsterdam (Bijlmer Centrum (D,F,H))",1750,Upholstered or furnished,54,2,NGH Real Estate B.V.
Apartment Termini 331,1025 XM Amsterdam (Buikslotermeer),1420,Upholstered,73,3,LIV Residential
Apartment Termini 167,1025 XM Amsterdam (Buikslotermeer),1230,Upholstered,53,2,LIV Residential
Apartment Vrijheidslaan 11 3,1079 KA Amsterdam (Rijnbuurt),2750,Furnished,100,4,Holland Home Management
Apartment Herengracht 369,1016 BB Amsterdam (Grachtengordel-West),3750,²6 rooms1735,133,6,Bloomstone Real Estate
Apartment Termini 41,1025 XM Amsterdam (Buikslotermeer),1210,Shell,53,2,LIV Residential
Apartment Herengracht,1016 BP Amsterdam (Grachtengordel-West),3950,²,169,4,Van Maarschalkerwaart Makelaars
Apartment Rustenburgerstraat 146 A20,1073 GJ Amsterdam (Nieuwe Pijp),2300,Furnished,55,3,ViaDaan
Apartment Tommaso Albinonistraat 164 2 pp,1083 HM Amsterdam (Zuidas),7750,Furnished,177,3,Makelaarskantoor Carla van den Brink
Apartment Nieuwe Jonkerstraat,1011 CM Amsterdam (Nieuwmarkt/Lastage),3250,Furnished,91,4,Hausing
Studio Schaarsbergenstraat 39,1107 JS Amsterdam (Holendrecht/Reigersbos),1200,Furnished,34,1,ViaDaan
Apartment Ridderspoorweg 157,1032 LL Amsterdam (Noordelijke IJ-oevers West),2400,Upholstered or furnished,72,1,Vastgoed Unie Makelaardij
Apartment Scheldestraat,1078 GE Amsterdam (Scheldebuurt),2500,Upholstered,89,4,BrinkBorgh Makelaardij
Apartment Gaaspstraat 25 1,1079 VB Amsterdam (Rijnbuurt),2000,Upholstered,51,3,Oei Housing Amsterdam - Expat Apartments
Apartment Reguliersdwarsstraat 2 III,1017 BM Amsterdam (Grachtengordel-Zuid),1800,Upholstered,55,2,Makelaarshuis Amsterdam - Zaanstad
Apartment Zeelandstraat 60 1,1082 BZ Amsterdam (Buitenveldert-West),2400,Upholstered,110,6,Vastgoed Verhuurmakelaardij
Apartment ms. van Riemsdijkweg 270,1033 RD Amsterdam (Noordelijke IJ-oevers West),1850,Upholstered,62,2,JLG Real Estate
Apartment Entrepothof 100,1019 DL Amsterdam (Oostelijk Havengebied),1850,Upholstered,80,3,Parker & Williams Real Estate Services
Apartment Admiraal De Ruijterweg,1056 GP Amsterdam (Geuzenbuurt),2250,Furnished,70,3,Housing Experts
Apartment Onsenoort,1083 BW Amsterdam (Buitenveldert-Oost),1750,²3 rooms1968,80,3,Makelaar in Amsterdam
Apartment Johannes Verhulststraat,1075 HB Amsterdam (Willemspark),5850,Upholstered,245,9,Hausing
Apartment Rapenburgerstraat,1011 VM Amsterdam (Nieuwmarkt/Lastage),3250,Upholstered,125,4,Interhouse verhuurmakelaars Amsterdam
Apartment Jan van Duivenvoordestraat 119,1067 MT Amsterdam (Geuzenveld),1900,Furnished,95,4,Renthouse Vastgoed
Apartment Van Heenvlietlaan 106,1083 CL Amsterdam (Buitenveldert-Oost),2175,Upholstered,126,4,LIV Residential
Apartment Gustav Mahlerlaan,1082 ME Amsterdam (Zuidas),3950,Furnished,112,3,Eefje Voogd Makelaardij
Apartment Doggersbankstraat 17 3,1055 NW Amsterdam (Landlust),1800,Furnished,56,4,Van Huis Uit Makelaars
Apartment Prinsengracht,1017 KK Amsterdam (De Weteringschans),4500,Upholstered,185,6,Keizerskroon makelaars
Apartment Sint Willibrordusstraat,1073 VC Amsterdam (Nieuwe Pijp),3000,Furnished,105,3,Out Amsterdam
Apartment Rooseveltlaan 40 2,1078 NK Amsterdam (Scheldebuurt),3500,Upholstered,128,5,Koops Makelaardij Amsterdam
Apartment Ruysdaelstraat,1071 WZ Amsterdam (Museumkwartier),2300,Upholstered,66,3,BrinkBorgh Makelaardij
Apartment Orteliuskade,1057 AH Amsterdam (Hoofdweg e.o.),1725,Furnished,62,3,Expathousing.com (Amsterdam)
Apartment Leidsekade 102 D,1017 PP Amsterdam (De Weteringschans),4500,Furnished,141,3,Urban Homies
Apartment Prinsengracht 17 C,1015 DK Amsterdam (Grachtengordel-West),2300,Upholstered,80,4,Broersma Makelaardij
Apartment Weteringschans,1017 RW Amsterdam (De Weteringschans),2200,Upholstered,70,3,Great Expatation
Apartment Eerste Helmersstraat 188 3,1054 EL Amsterdam (Overtoomse Sluis),2000,Furnished,64,3,Van Huis Uit Makelaars
Apartment Pieter Oosterhuisstraat,1087 HT Amsterdam (IJburg Zuid),2350,Upholstered or furnished,112,3,Expats. Amsterdam Rentals
Apartment IJburglaan,1086 ZJ Amsterdam (IJburg West),1350,Upholstered,42,2,BIC Makelaardij
Apartment Govert Flinckstraat,1073 CJ Amsterdam (Oude Pijp),2750,²3 rooms1900,72,3,I AM REAL ESTATE
Apartment Rustenburgerstraat 146 A20,1073 GJ Amsterdam (Nieuwe Pijp),2300,Furnished,55,3,ViaDaan
Apartment Bankastraat,1094 EB Amsterdam (Indische Buurt West),1600,²2 rooms1900,60,2,I AM REAL ESTATE
Apartment Ertskade 22,1019 BB Amsterdam (Oostelijk Havengebied),2400,Upholstered,138,4,LIV Residential
Apartment Oudeschans 7 D,1011 KP Amsterdam (Nieuwmarkt/Lastage),2950,Upholstered,90,3,Haagen & Partners
Apartment Vrolikstraat 290 2,1092 VA Amsterdam (Oosterparkbuurt),2100,Furnished,54,3,Smit & Heinen Makelaars en Taxateurs
Apartment Osdorpplein,1068 TD Amsterdam (Osdorp-Oost),2150,Furnished,74,3,123Wonen Amsterdam
Apartment Osdorpplein,1068 TD Amsterdam (Osdorp-Oost),1650,²2 rooms2021-2030,65,2,Rebid
House Leidsegracht,1016 CP Amsterdam (Grachtengordel-West),6000,²,201,6,Heeren Makelaars B.V.
Apartment Reyer Anslostraat 19 hs,1054 KT Amsterdam (Overtoomse Sluis),2850,²,103,3,Raadsheer Baart
Apartment Derde Helmersstraat,1054 BM Amsterdam (Helmersbuurt),2150,Upholstered,68,3,Michiel Stolker Real Estate
Apartment Frederiksstraat,1054 LB Amsterdam (Overtoomse Sluis),2350,Furnished,50,3,Expat Rentals Amsterdam
Apartment Vierwindendwarsstraat 17,1013 LB Amsterdam (Haarlemmerbuurt),2250,Upholstered,63,3,Rent a Stone
Apartment Volewijkshof 33,1031 AG Amsterdam (Volewijck),1600,²,75,3,Hoen Vastgoedbeheer
Apartment Stadionweg 154 A,1077 TA Amsterdam (Apollobuurt),3000,Upholstered,120,4,AmsterHomes
Apartment Ophemerthof,1106 VS Amsterdam (Holendrecht/Reigersbos),1600,Furnished,60,3,Verhuurmakelaar Bas
Apartment Kastelenstraat 307 3,1082 EH Amsterdam (Buitenveldert-West),1650,²3 rooms1961,75,3,Heimstaden
Apartment Rijnstraat,1078 RB Amsterdam (IJselbuurt),1250,²2 rooms1922,35,2,Tolsma Vastgoed Beheer
Apartment Lorreinenstraat 8 H,1055 CZ Amsterdam (Erasmuspark),2150,Furnished,85,3,The Tenants Group
Apartment Jacob van Lennepstraat 64 2B,1053 HL Amsterdam (Van Lennepbuurt),1750,Furnished,40,2,Van Huis Uit Makelaars
Apartment Koninginneweg,1075 EE Amsterdam (Willemspark),2950,²3 rooms1912,90,3,Brummel & Beuk Makelaars
Apartment Barentszplein,1013 NJ Amsterdam (Spaarndammer- en Zeeheldenbuurt),2500,Furnished,83,2,NOORESTATE
Apartment Sassenheimstraat 65 C,1059 BD Amsterdam (Hoofddorppleinbuurt),3750,Upholstered,115,5,AmsterHomes
Apartment Kuipersstraat,1074 EK Amsterdam (Nieuwe Pijp),2950,Upholstered,77,3,A Plus Apartments
Apartment Admiraal De Ruijterweg,1055 MV Amsterdam (Landlust),3975,²,110,5,Hausing
Apartment Jan Evertsenstraat,1056 EG Amsterdam (Van Galenbuurt),1595,Upholstered,49,3,Expathousing.com (Amsterdam)
Apartment Van Spilbergenstraat,1057 RJ Amsterdam (Hoofdweg e.o.),1850,Upholstered or furnished,55,3,The Perfect House
Apartment Derde Helmersstraat,1054 BM Amsterdam (Helmersbuurt),2250,Upholstered,68,3,Michiel Stolker Real Estate
Apartment Derde Helmersstraat,1054 BM Amsterdam (Helmersbuurt),4000,Upholstered,122,4,Michiel Stolker Real Estate
Apartment Oostenburgergracht 57 B,1018 NB Amsterdam (Oostelijke Eilanden/Kadijken),2650,Furnished,80,3,Oei Housing Amsterdam - Expat Apartments
House Lijnbaansgracht,1015 GS Amsterdam (Jordaan),2300,Furnished,57,3,Hoofdstad Makelaars
Apartment Frans van Mierisstraat,1071 RV Amsterdam (Museumkwartier),4250,Upholstered,107,4,NOORESTATE
Apartment Rustenburgerstraat 146 A20,1073 GJ Amsterdam (Nieuwe Pijp),2300,Furnished,55,3,ViaDaan
House Plantage Muidergracht,1018 TM Amsterdam (Weesperbuurt/Plantage),1850,²2 rooms1906-1930,55,2,Rebid
Apartment Maritzstraat 14 3,1091 KW Amsterdam (Transvaalbuurt),1800,Furnished,48,2,Expat Rental Scout
House Bosplaat,1025 AR Amsterdam (Buikslotermeer),2500,²,130,3,F.E. Real Estate
Apartment Hunzestraat 126 2,1079 WJ Amsterdam (Rijnbuurt),2750,Upholstered,115,4,Amsterdam Housing
Apartment Kerkstraat,1017 HX Amsterdam (Grachtengordel-Zuid),2500,Furnished,70,3,Amsterdam Rentals
Apartment Eerste Helmersstraat 289 2,1054 EA Amsterdam (Overtoomse Sluis),3100,Furnished,70,3,Expat Rental Scout
Apartment Mercatorstraat 38 3,1056 RH Amsterdam (Van Galenbuurt),1850,Furnished,65,3,De Nieuwe Verhuurmakelaar
Apartment Albert Cuypstraat,1073 BK Amsterdam (Oude Pijp),2145,Furnished,70,2,Expathousing.com (Amsterdam)
Apartment Eerste Jan van der Heijdenstraat,1072 TS Amsterdam (Oude Pijp),1695,²,55,3,Tolsma Vastgoed Beheer
House Dichtershofje 2,1053 RR Amsterdam (Kinkerbuurt),2350,Furnished,77,3,Yourhome Makelaars
Apartment Gustav Mahlerlaan 931,1082 MK Amsterdam (Zuidas),3400,Furnished,110,3,Amsterdam Housing
Apartment De Egmondenstraat 213,1024 SJ Amsterdam (Waterlandpleinbuurt),1950,Upholstered or furnished,68,3,Yourhome Makelaars
Apartment Meer en Vaart 38 C,1068 ZZ Amsterdam (Osdorp-Oost),1910,²4 rooms2006,166,4,Grand Relocation
Apartment Spinozastraat,1018 HJ Amsterdam (Weesperbuurt/Plantage),3450,Furnished,140,5,Hausing
Apartment Overtoom,1054 JD Amsterdam (Helmersbuurt),2500,Upholstered,87,3,Relocation Advisers B.V.
House Leidsegracht,1017 NC Amsterdam (De Weteringschans),2000,Upholstered,120,3,Koops Makelaardij Amsterdam
Apartment Montelbaanstraat,1011 EG Amsterdam (Nieuwmarkt/Lastage),1950,Upholstered,52,3,BrinkBorgh Makelaardij
Apartment Rustenburgerstraat 133 HS,1073 EX Amsterdam (Nieuwe Pijp),2450,Upholstered or furnished,57,3,Rent a Stone
House Herengracht 315,1016 AV Amsterdam (Grachtengordel-West),3250,Upholstered,170,4,Parker & Williams Real Estate Services
Apartment Brouwersgracht 75 G,1015 GC Amsterdam (Grachtengordel-West),2850,Before 1906,138,3,Peter Bruin Makelaardij
Apartment Distelweg,1031 HD Amsterdam (Noordelijke IJ-oevers West),1950,Furnished,48,1,V-Amsterdam
House Pythagorasstraat,1098 GB Amsterdam (Middenmeer),3250,Upholstered,106,4,Aham Vastgoed
Apartment Ceintuurbaan,1074 CZ Amsterdam (Oude Pijp),3250,²,178,5,Engel en Volkers Amsterdam Centrum
Apartment Javastraat,1094 HN Amsterdam (Indische Buurt West),1750,Furnished,46,2,Hoofdstad Makelaars
Apartment Pieter Calandlaan,1060 TX Amsterdam (Middelveldsche Akerpolder),2250,Furnished,96,4,Rotsvast Amsterdam
Apartment Marnixstraat 198 3,1016 TJ Amsterdam (Jordaan),2850,Furnished,119,3,Inter Immo Amsterdam
Apartment Herengracht,1015 BK Amsterdam (Grachtengordel-West),2200,Furnished,60,2,First Class Housing
Apartment Lauriergracht 92 H,1016 RN Amsterdam (Jordaan),4350,Furnished,150,5,Urban Homies
Apartment Herengracht,1016 BH Amsterdam (Grachtengordel-West),2850,Furnished,123,3,Inter Immo Amsterdam
Apartment Van Walbeeckstraat,1058 CX Amsterdam (Westindische Buurt),1700,Upholstered,59,3,Hometoday.nl
Apartment Rustenburgerstraat 146 A20,1073 GJ Amsterdam (Nieuwe Pijp),2300,Furnished,55,3,ViaDaan
Apartment Admiraal De Ruijterweg 89 3,1056 ET Amsterdam (Geuzenbuurt),1800,Furnished,63,2,ViaDaan
Apartment Sem Presserhof 93,1087 JE Amsterdam (IJburg West),2200,Upholstered or furnished,124,4,Aemestelle Makelaars Amsterdam
Apartment Weteringschans 119 I,1017 SC Amsterdam (De Weteringschans),2150,Upholstered,68,2,Listings
Apartment Willem Parelstraat 288,1018 KZ Amsterdam (Oostelijke Eilanden/Kadijken),1699,Furnished,43,2,Huizenbalie.nl
Apartment Bogortuin,1019 PE Amsterdam (Oostelijk Havengebied),1800,Furnished,89,2,Expat Rentals Amsterdam
House Singel 377,1012 WL Amsterdam (Burgwallen-Nieuwe Zijde),3450,Upholstered or furnished,115,4,Rossetti Residence
House Stadionkade,1076 BJ Amsterdam (Stadionbuurt),2800,Upholstered,100,4,City Homes
Apartment Eerste Helmersstraat,1054 DZ Amsterdam (Overtoomse Sluis),2000,Furnished,62,2,Grand Apartments Amsterdam
Apartment Sanne Sanneshof 20,1087 GZ Amsterdam (IJburg West),1895,Upholstered,114,4,LIV Residential
Apartment Poeldijkstraat 357 PP,1059 VL Amsterdam (Westlandgracht),3750,Upholstered,115,4,De Graaf & Groot Makelaars
Apartment Admiraliteitstraat,1018 KP Amsterdam (Oostelijke Eilanden/Kadijken),1675,Upholstered,60,2,Expathousing.com (Amsterdam)
Apartment Albert Cuypstraat,1072 CR Amsterdam (Oude Pijp),2250,Furnished,50,3,Thoma Post Makelaars
House Willemskerkestraat,1069 AA Amsterdam (Osdorp-Midden),2995,Furnished,138,7,ESTATEC
Apartment Bilderdijkstraat,1053 KN Amsterdam (Da Costabuurt),2650,Upholstered,120,3,City Housing Amsterdam
House Amelandstraat,1025 RK Amsterdam (Tuindorp Buiksloot),2100,Furnished,141,4,Expathousing.com (Amsterdam)
Apartment Dichtershofje 15,1053 RR Amsterdam (Kinkerbuurt),2500,Furnished,82,3,Cosmo Housing
Apartment Sprinklerstraat,1019 VR Amsterdam (Oostelijk Havengebied),1995,Furnished,62,3,HouseHunting Randstad
Apartment Valkenburgerstraat 132 F,1011 NA Amsterdam (Nieuwmarkt/Lastage),3150,Furnished,95,3,IdealEstate Housing Consultancy
Apartment Planciusstraat 9,1013 MD Amsterdam (Haarlemmerbuurt),3250,Furnished,157,2,Amsterdam Housing
Apartment Maria Austriastraat 839,1087 GZ Amsterdam (IJburg West),2000,Upholstered,137,6,LIV Residential
Apartment Warmoesstraat 50 Y,1012 JE Amsterdam (Burgwallen-Oude Zijde),2150,Upholstered or furnished,50,2,MA Residences
Apartment George Gershwinlaan 46,1082 MT Amsterdam (Zuidas),3250,Furnished,80,3,Listings
Apartment Zeelandstraat 48 2,1082 BX Amsterdam (Buitenveldert-West),1800,Upholstered or furnished,76,3,Nosa Vastgoed
Apartment Tweede Boerhaavestraat 78 HS,1091 AR Amsterdam (Oosterparkbuurt),2750,Upholstered,120,5,JLG Real Estate
Apartment Albatrospad 142 7,1021 TR Amsterdam (IJplein/Vogelbuurt),2950,Furnished,130,3,Oei Housing Amsterdam - Expat Apartments
Apartment Van Leijenberghlaan,1082 DD Amsterdam (Buitenveldert-West),1850,²3 rooms1997,86,3,Ramón Mossel Makelaardij
Apartment Ben Viljoenstraat,1091 XS Amsterdam (Transvaalbuurt),2950,Furnished,85,4,Expat Rentals Amsterdam
Apartment Brittenburg 5,1082 BS Amsterdam (Buitenveldert-West),1850,Furnished,67,3,Koops Makelaardij Amstelveen
Apartment Kromme-Mijdrechtstraat,1079 KP Amsterdam (Rijnbuurt),2950,Upholstered,75,3,Infinitas Real Estate
Apartment Van Beuningenstraat 3 A,1051 XC Amsterdam (Staatsliedenbuurt),2200,Furnished,80,4,JLG Real Estate
Apartment Rustenburgerstraat 146 A20,1073 GJ Amsterdam (Nieuwe Pijp),2300,Furnished,55,3,ViaDaan
Apartment Oostenburgervoorstraat 292,1018 MR Amsterdam (Oostelijke Eilanden/Kadijken),3100,Furnished,100,3,Van Huis Uit Makelaars
House Eerste Jan van der Heijdenstraat 53 A,1072 TK Amsterdam (Oude Pijp),3000,Furnished,102,3,AmsterHomes
Apartment Plantage Muidergracht 55 4,1018 TM Amsterdam (Weesperbuurt/Plantage),1990,Upholstered or furnished,65,2,HousingNet
Apartment Oostenburgervoorstraat,1018 MN Amsterdam (Oostelijke Eilanden/Kadijken),3250,Furnished,130,4,Expathousing.com (Amsterdam)
Apartment Pekelharingstraat 11 1,1097 HH Amsterdam (Frankendael),1800,Furnished,58,2,Amsterdam Housing
House Leeuwendalersweg 741,1061 BK Amsterdam (De Kolenkit),2300,Furnished,101,3,Inter Immo Amsterdam
Apartment Lindengracht,1015 KJ Amsterdam (Jordaan),4500,Upholstered,210,6,"Urban Homies,                                                                                 Haagen & Partners"
Apartment Hendrik Jacobszstraat,1075 PD Amsterdam (Willemspark),2850,Upholstered,112,4,BrinkBorgh Makelaardij
House Genhoes 4,1082 BC Amsterdam (Buitenveldert-West),14000,Upholstered,342,8,Broersma Makelaardij
Apartment Minervalaan 33 H,1077 NL Amsterdam (Apollobuurt),4450,Upholstered,164,7,De Graaf & Groot Makelaars
Apartment Bella Vistastraat,1096 GM Amsterdam (Omval/Overamstel),3250,Furnished,116,4,Expat Rentals Amsterdam
Apartment Maarten Jansz. Kosterstraat,1017 VZ Amsterdam (De Weteringschans),2950,Furnished,115,4,Housing Experts
Studio Ferdinand Bolstraat,1072 LJ Amsterdam (Oude Pijp),1800,²1 room,40,1,My Amsterdam Apartments
Apartment Amstel 298 L,1017 AN Amsterdam (De Weteringschans),2250,Upholstered,63,3,Parker & Williams Real Estate Services
Apartment Saxenburgerstraat,1054 KM Amsterdam (Overtoomse Sluis),3500,Furnished,116,4,Inter Immo Amsterdam
Apartment Nieuwe Leliestraat,1015 SX Amsterdam (Jordaan),2450,Furnished,73,2,Inter Immo Amsterdam
Apartment Kromme-Mijdrechtstraat,1079 KP Amsterdam (Rijnbuurt),2350,Furnished,80,2,HB Housing
Apartment Van Tuyll van Serooskerkenweg 62 1,1076 JN Amsterdam (Stadionbuurt),2400,Furnished,80,3,ViaDaan
Apartment Waterlandplein,1024 NB Amsterdam (Waterlandpleinbuurt),2000,Furnished,100,4,HB Housing
Apartment Utrechtsestraat,1017 VP Amsterdam (Grachtengordel-Zuid),2600,Upholstered,110,4,Aham Vastgoed
Apartment Brouwersgracht,1013 HC Amsterdam (Haarlemmerbuurt),3000,Furnished,101,3,Brixt
Apartment J.F. van Hengelstraat,1019 DC Amsterdam (Oostelijk Havengebied),2795,Upholstered,140,3,A Plus Apartments
House Keverberg,1082 BD Amsterdam (Buitenveldert-West),3950,Upholstered,170,5,First Class Housing
Apartment Arent Janszoon Ernststraat 43,1083 GP Amsterdam (Buitenveldert-Oost),2950,Furnished,135,4,The Brick Club
Apartment Amstel,1018 ES Amsterdam (Weesperbuurt/Plantage),3500,Furnished,82,3,Visch & Van Zeggelaar Amsterdam
Apartment Vierwindenstraat,1013 LA Amsterdam (Haarlemmerbuurt),7500,Furnished,236,9,Peters & Partners
House Adriënne Solserhof 2,1087 MT Amsterdam (IJburg Zuid),3750,Upholstered,176,4,KK Amsterdam
Apartment Venetiëhof 67,1019 NB Amsterdam (Oostelijk Havengebied),2250,Furnished,102,4,The Rental Agency Amsterdam
Apartment Prinsengracht 1069,1017 JG Amsterdam (Grachtengordel-Zuid),3750,Upholstered,142,3,AmsterHomes
Apartment Anna Blamansingel,"1102 ST Amsterdam (Bijlmer Centrum (D,F,H))",2450,²3 rooms2006,102,3,NGH Real Estate B.V.
Apartment Rustenburgerstraat 146 A20,1073 GJ Amsterdam (Nieuwe Pijp),2300,Furnished,55,3,ViaDaan
Apartment Grote Bickersstraat 23 H,1013 KN Amsterdam (Haarlemmerbuurt),2200,Furnished,62,2,ViaDaan
Apartment Herengracht 132 E,1015 BV Amsterdam (Grachtengordel-West),7500,Upholstered,162,3,AmsterHomes
Apartment Gelrestraat,1079 MZ Amsterdam (Scheldebuurt),1725,²2 rooms2015,55,2,Wooove B.V.
Apartment Eef Kamerbeekstraat 302,1095 MP Amsterdam (Zeeburgereiland/Nieuwe Diep),2500,Upholstered,126,4,Amsterdam Housing
Apartment Keizersgracht,1017 EB Amsterdam (Grachtengordel-Zuid),2450,Furnished,42,3,Hausing
Apartment Rapenburgerstraat,1011 MK Amsterdam (Nieuwmarkt/Lastage),2600,Furnished,90,3,First Class Housing
Apartment John Franklinstraat,1056 TA Amsterdam (Van Galenbuurt),1400,Furnished,65,2,Urban Short Stay
Apartment Ferguutstraat,1055 SZ Amsterdam (Erasmuspark),2050,Upholstered,100,5,CITYHOP Real Estate
Apartment Hofgeest 15,"1102 EA Amsterdam (Bijlmer Centrum (D,F,H))",1450,Upholstered,90,4,Heimstaden
Apartment Kribbestraat,1079 WV Amsterdam (Rijnbuurt),2150,Upholstered,58,3,BrinkBorgh Makelaardij
Apartment Dever 16,1082 BJ Amsterdam (Buitenveldert-West),1550,Upholstered,65,3,Heimstaden
Apartment Amstelveenseweg,1075 XR Amsterdam (Schinkelbuurt),2750,Furnished,92,4,Clairesrealestate
Apartment Vierwindenstraat,1013 CW Amsterdam (Haarlemmerbuurt),2300,Upholstered or furnished,95,3,BrinkBorgh Makelaardij
Apartment Cornelis Schuytstraat,1071 JH Amsterdam (Museumkwartier),4250,²,142,4,Ramón Mossel Makelaardij
Apartment Egelantiersstraat,1015 PP Amsterdam (Jordaan),2250,Upholstered,80,2,Amsterdam Rental Homes
Apartment Wilhelminastraat,1054 WS Amsterdam (Overtoomse Sluis),1950,Furnished,75,2,HB Housing
Apartment Vrijheidslaan 75 2,1079 KG Amsterdam (Rijnbuurt),2500,²3 rooms1921,65,3,KNAP Makelaardij
Apartment Oldengaarde 87,1083 TE Amsterdam (Buitenveldert-Oost),1850,Upholstered,80,3,Parker & Williams Real Estate Services
Apartment Kuipersstraat 4 C,1074 EK Amsterdam (Nieuwe Pijp),3750,Furnished,132,4,Expat Rentals
Apartment Korte Koningsstraat 14 bgg,1011 GA Amsterdam (Nieuwmarkt/Lastage),2100,Furnished,120,2,Amsterdam Housing
Apartment Nieuwe Oostenburgerstraat 1 D,1018 MB Amsterdam (Oostelijke Eilanden/Kadijken),3000,²,120,5,Rent a Stone
Apartment Veembroederhof 177,1019 HD Amsterdam (Oostelijk Havengebied),3000,Furnished,146,3,Van Huis Uit Makelaars
Apartment Oostenburgervoorstraat,1018 MR Amsterdam (Oostelijke Eilanden/Kadijken),3100,Furnished,100,3,Expats. Amsterdam Rentals
Apartment Okeghemstraat 35,1075 PL Amsterdam (Willemspark),3950,²,120,4,DSTRCT Amsterdam
Apartment Silodam,1013 AW Amsterdam (Houthavens),2950,Furnished,135,5,Huisportaal.nl
Apartment Rijnsburgstraat,1059 AV Amsterdam (Hoofddorppleinbuurt),2250,Furnished,80,3,HB Housing
Apartment Buiten Vissersstraat,1013 GB Amsterdam (Haarlemmerbuurt),2250,Upholstered or furnished,49,2,123makelaar
Apartment Hoofdweg,1058 BC Amsterdam (Westindische Buurt),3500,Upholstered,155,6,Out Amsterdam
Apartment Korte Prinsengracht 46 A,1013 GT Amsterdam (Haarlemmerbuurt),4675,²,170,5,Broersma Makelaardij
Apartment Frans van Mierisstraat,1071 RR Amsterdam (Museumkwartier),2750,Furnished,100,3,House of Amsterdam
Apartment Rustenburgerstraat 146 A20,1073 GJ Amsterdam (Nieuwe Pijp),2300,Furnished,55,3,ViaDaan
Apartment Westerdoksdijk 327,1013 AD Amsterdam (Haarlemmerbuurt),2650,Furnished,85,3,Parker & Williams Real Estate Services
House Nieuwe Keizersgracht 14 G,1018 DR Amsterdam (Weesperbuurt/Plantage),2450,Upholstered or furnished,50,2,Amsterdam Housing
Apartment Palmgracht 103,1015 HL Amsterdam (Jordaan),1800,Furnished,58,3,ViaDaan
Apartment Van Baerlestraat 44,1071 AZ Amsterdam (Museumkwartier),2650,Upholstered,70,3,The Rental Agency Amsterdam
House Oostenburgervoorstraat,1018 MN Amsterdam (Oostelijke Eilanden/Kadijken),2000,²4 rooms2011-2020,110,4,Rebid
Apartment Marcusstraat 117,1091 TJ Amsterdam (Weesperzijde),2900,Furnished,117,4,JLG Real Estate
Apartment Montfoorthof 53,1106 JN Amsterdam (Holendrecht/Reigersbos),1650,Furnished,72,3,Linger OG
Apartment Beysterveld,1083 KA Amsterdam (Buitenveldert-Oost),2750,Furnished,110,3,Housing Experts
Apartment Van Hallstraat,1051 GX Amsterdam (Staatsliedenbuurt),2150,Furnished,50,2,123Wonen Amsterdam
Apartment Marskramerstraat,1033 WG Amsterdam (Oostzanerwerf),3200,²6 rooms2007,196,6,Rebid
Apartment Albert Cuypstraat,1072 CN Amsterdam (Oude Pijp),2650,Upholstered,100,3,Interhouse verhuurmakelaars Amsterdam
Apartment Keizersgracht,1017 ES Amsterdam (Grachtengordel-Zuid),2750,Furnished,78,2,Rotsvast Amsterdam
Apartment Da Costakade,1053 XE Amsterdam (Van Lennepbuurt),3650,Furnished,130,4,Amsterdam Beautiful Property Rental
Apartment Keizersgracht,1017 ES Amsterdam (Grachtengordel-Zuid),2750,Furnished,80,2,Rotsvast Amsterdam
Apartment Pieter de Hoochstraat,1071 ED Amsterdam (Museumkwartier),3700,Furnished,130,3,4-Freedom | Vastgoedbeheer
House Eef Kamerbeekpad 1,1095 MZ Amsterdam (Zeeburgereiland/Nieuwe Diep),3500,Upholstered or furnished,160,5,HousingNet
Apartment Hogewerf,1082 NG Amsterdam (Buitenveldert-Oost),2250,Furnished,85,2,Houses4let
Apartment Overamstelstraat,1091 TM Amsterdam (Weesperzijde),2095,Furnished,80,3,A Plus Apartments
Apartment Tweede Kostverlorenkade 137 3,1053 SE Amsterdam (Van Lennepbuurt),1995,Upholstered,62,3,ViaDaan
House Akerpolderstraat,1066 ET Amsterdam (Sloter-/Riekerpolder),3500,Upholstered,169,6,Brixt
House Pijlkruidstraat 1,1087 CE Amsterdam (IJburg West),2750,Upholstered,135,5,Yourhome Makelaars
Apartment Rie Mastenbroekstraat 47,1095 MJ Amsterdam (Zeeburgereiland/Nieuwe Diep),1750,Upholstered or furnished,70,3,IB Makelaars
Apartment Derde Schinkelstraat 4 A,1075 TL Amsterdam (Schinkelbuurt),2650,Upholstered,70,4,Listings
Apartment Tweede Jan van der Heijdenstraat 3 H,1073 VE Amsterdam (Oude Pijp),6000,Furnished,149,5,Lankhorst Makelaars
Apartment Keizersgracht,1017 DL Amsterdam (Grachtengordel-Zuid),3450,Furnished,120,3,Interhouse verhuurmakelaars Amsterdam
Apartment H. Diesveldsingel,1060 RL Amsterdam (Middelveldsche Akerpolder),1750,Furnished,100,3,Expathousing.com (Amsterdam)
Apartment Borneostraat,1094 CJ Amsterdam (Indische Buurt West),2200,Furnished,107,3,The Rental Agency Amsterdam
Apartment Jan van Galenstraat 183 1,1056 BS Amsterdam (Van Galenbuurt),1650,Upholstered,50,2,The Tenants Group
Apartment Céramiquelaan,1031 KG Amsterdam (Noordelijke IJ-oevers West),4000,Furnished,110,4,I-housing
Apartment Nieuwezijds Voorburgwal 255,1012 RL Amsterdam (Burgwallen-Nieuwe Zijde),2650,Upholstered,111,3,Broersma Makelaardij
Apartment Rustenburgerstraat 146 A20,1073 GJ Amsterdam (Nieuwe Pijp),2300,Furnished,55,3,ViaDaan
Apartment Haparandaweg,1013 BD Amsterdam (Houthavens),1750,Furnished,50,2,Expats. Amsterdam Rentals
Apartment Maria Austriastraat,1087 CN Amsterdam (IJburg West),2350,Furnished,130,4,Expats. Amsterdam Rentals
Apartment Lucellestraat,1055 HX Amsterdam (Landlust),2000,Upholstered,59,3,First Class Housing
Apartment Jacob van Lennepkade,1054 ZG Amsterdam (Helmersbuurt),1950,Furnished,56,2,The Perfect House
Apartment Van Tuyll van Serooskerkenweg 110 3,1076 JR Amsterdam (Stadionbuurt),4250,Furnished,125,5,Koops Makelaardij Amsterdam
Apartment Cornelis Schuytstraat 25 2+3,1071 JD Amsterdam (Museumkwartier),3950,Upholstered,150,4,Prinsen Residence International
Apartment Saxen-Weimarlaan,1075 BZ Amsterdam (Willemspark),2750,Upholstered,90,3,Aham Vastgoed
Apartment Nieuwe Leliestraat,1015 SP Amsterdam (Jordaan),2750,Furnished,73,3,Inter Immo Amsterdam
Apartment Grootzeil,1034 LV Amsterdam (Banne Buiksloot),2250,Furnished,93,4,123Wonen Amsterdam
House Johannes Verhulststraat 151 H,1075 GW Amsterdam (Willemspark),11000,Upholstered,255,10,Hoen Vastgoedbeheer
Apartment S. F. van Ossstraat,1068 JN Amsterdam (Osdorp-Oost),1550,Furnished,55,2,Expats. Amsterdam Rentals
Apartment Sarphatipark,1073 CZ Amsterdam (Nieuwe Pijp),3000,Upholstered,88,3,Amstel Vastgoed
Apartment Geldersekade 45 A,1011 EJ Amsterdam (Nieuwmarkt/Lastage),1600,²1 room1735,46,1,Rent a Stone
Apartment Singel 436 E,1017 AV Amsterdam (Grachtengordel-Zuid),3250,Upholstered or furnished,140,3,Amsterdam Housing
Apartment John Blankensteinstraat 59 1,1095 MB Amsterdam (Zeeburgereiland/Nieuwe Diep),1450,Upholstered or furnished,48,3,ViaDaan
House Schapenburgerpad 20,1071 ZA Amsterdam (Museumkwartier),4000,Upholstered or furnished,198,6,Ter Haar Makelaars B.V.
Apartment Prinsengracht 689 4,1017 JV Amsterdam (Grachtengordel-Zuid),2250,Furnished,65,2,DSTRCT Amsterdam
Apartment Korte Ouderkerkerdijk 1 C1,1096 AC Amsterdam (Omval/Overamstel),3850,²3 rooms2021,139,3,Broersma Makelaardij
Apartment Gustav Mahlerlaan 359,1082 MK Amsterdam (Zuidas),5850,Upholstered or furnished,132,3,Engel en Volkers Amsterdam
Apartment Nassaukade 123 III,1052 EC Amsterdam (Frederik Hendrikbuurt),3250,²4 rooms1910,108,4,KNAP Makelaardij
Apartment Gustav Mahlerplein 285 PH,1082 MS Amsterdam (Zuidas),8000,Furnished,193,4,Broersma Makelaardij
Apartment Nieuwe Prinsengracht,1018 XH Amsterdam (Weesperbuurt/Plantage),1950,Furnished,90,2,City Homes
Apartment Wiborgeiland,1014 ZC Amsterdam (Houthavens),2975,Upholstered,100,3,City Homes
Apartment Prinsengracht,1017 JV Amsterdam (Grachtengordel-Zuid),3000,Upholstered,110,3,Hollandsche Makelaardij
Apartment Rustenburgerstraat 146 A20,1073 GJ Amsterdam (Nieuwe Pijp),2300,Furnished,55,3,ViaDaan
Apartment Valeriusplein 26 3,1075 BH Amsterdam (Willemspark),4000,Furnished,85,3,DSTRCT Amsterdam
Apartment Tweede Jan Steenstraat 25 H,1073 VL Amsterdam (Oude Pijp),2675,Furnished,83,3,Huizenbalie.nl
Apartment Van Baerlestraat 14 3,1071 AW Amsterdam (Museumkwartier),3200,Upholstered,162,4,Amsterdamse Maatschappij
Apartment Tommaso Albinonistraat 166,1083 HM Amsterdam (Zuidas),5000,Upholstered,197,5,JLG Real Estate
Apartment Den Texstraat 8 B,1017 ZA Amsterdam (De Weteringschans),3950,Furnished,126,3,Consilium BV
Apartment Rustenburgerstraat 146 A20,1073 GJ Amsterdam (Nieuwe Pijp),2300,Furnished,55,3,ViaDaan
Apartment Papaverweg,1032 KH Amsterdam (Volewijck),1395,Upholstered,40,2,A&N Vastgoed
Apartment Johannes Verhulststraat,1071 NE Amsterdam (Museumkwartier),3200,Upholstered,135,5,Rotsvast Amsterdam
Apartment Nieuwendijk,1012 MP Amsterdam (Burgwallen-Nieuwe Zijde),3000,Furnished,92,3,The Perfect House
Apartment Keizersgracht 391 E,1016 EJ Amsterdam (Grachtengordel-West),2700,Upholstered,109,4,LIV Residential
House Le Tourmalet 26,1060 NX Amsterdam (Middelveldsche Akerpolder),2000,Furnished,134,4,Amsterdam Housing
Apartment Herengracht,1015 BA Amsterdam (Grachtengordel-West),3250,Furnished,132,5,BIC Makelaardij
Apartment Ruysdaelkade 15 II,1072 AG Amsterdam (Oude Pijp),3450,Upholstered,101,4,Alcoco.nl
Apartment Leliegracht 25 B,1016 GR Amsterdam (Grachtengordel-West),2850,²,92,3,Ter Haar Makelaars B.V.
Apartment Bilderdijkkade,1053 VK Amsterdam (Van Lennepbuurt),2700,Furnished,115,2,RE/MAX Pro
Apartment Wilhelminastraat,1054 VW Amsterdam (Helmersbuurt),1750,Upholstered,60,2,Expats. Amsterdam Rentals
Apartment Solitudolaan,1096 DS Amsterdam (Omval/Overamstel),6500,²,204,7,Mar. J. Heule
Apartment Weteringschans,1017 RZ Amsterdam (De Weteringschans),2800,Upholstered or furnished,83,4,Amsterdam Sotheby's International Realty
Apartment Bloemstraat 13 B,1016 KV Amsterdam (Jordaan),2850,Furnished,78,3,Broersma Makelaardij
House Lindenstraat 3,1015 KV Amsterdam (Jordaan),4500,Upholstered or furnished,144,9,De Graaf & Groot Makelaars
Apartment Tollensstraat 63 C,1053 RS Amsterdam (Kinkerbuurt),1550,²2 rooms1906-1930,40,2,Hoen Vastgoedbeheer
Apartment Van Oldenbarneveldtstraat,1052 JX Amsterdam (Frederik Hendrikbuurt),1450,²3 rooms1906-1930,50,3,Rebid
Apartment Vincent van Goghstraat,1072 KZ Amsterdam (Nieuwe Pijp),1500,²2 rooms1923,50,2,Rebid
Apartment P. Hans Frankfurthersingel,1060 TN Amsterdam (Middelveldsche Akerpolder),1650,²3 rooms2004,78,3,BenS Makelaars
Apartment Baarsjesweg,1058 AD Amsterdam (Westindische Buurt),2500,Furnished,50,2,Amsterdam Rentals
Apartment Rooseveltlaan,1079 AB Amsterdam (Scheldebuurt),2800,Upholstered,143,5,BrinkBorgh Makelaardij
Apartment Haparandaweg,1013 BD Amsterdam (Houthavens),1488,²1 room2022,49,1,Wooove B.V.
Apartment Osdorpplein,1068 TD Amsterdam (Osdorp-Oost),1900,²3 rooms2021-2030,73,3,Rebid
Apartment Rustenburgerstraat 145,1073 EX Amsterdam (Nieuwe Pijp),2450,Upholstered,87,3,Amsterdam Wonen
Apartment Herengracht 579 3,1017 CD Amsterdam (Grachtengordel-Zuid),3950,Upholstered or furnished,110,3,Parker & Williams Real Estate Services
Apartment IJburglaan,1087 CE Amsterdam (IJburg West),2800,Furnished,110,2,Michiel Stolker Real Estate
Apartment Koningslaan 24 II,1075 AD Amsterdam (Willemspark),3950,Upholstered,83,3,De Graaf & Groot Makelaars
Apartment Van Boshuizenstraat,1082 AR Amsterdam (Buitenveldert-Oost),2450,Furnished,102,3,Evers Makelaardij & Taxateurs
Apartment Osdorper Ban,1069 GA Amsterdam (Osdorp-Midden),2195,Furnished,95,3,Expathousing.com (Amsterdam)
Apartment Leidsegracht,1016 CR Amsterdam (Jordaan),2950,Furnished,106,3,Engel en Volkers Amsterdam Centrum
Apartment Waldeck Pyrmontlaan 20 2RV,1075 BX Amsterdam (Willemspark),3250,²6 rooms1906-1930,180,6,Rappange Makelaardij
Apartment Rustenburgerstraat 146 A20,1073 GJ Amsterdam (Nieuwe Pijp),2300,Furnished,55,3,ViaDaan
Apartment Rijnstraat 222 1,1079 HV Amsterdam (Rijnbuurt),2250,²2 rooms1934,83,2,Beekman makelaardij o.g. b.v.
Apartment Parnassusweg,1077 DE Amsterdam (Prinses Irenebuurt e.o.),2750,²4 rooms1967,100,4,Brummel & Beuk Makelaars
Apartment Planciusstraat,1013 MD Amsterdam (Haarlemmerbuurt),3250,Furnished,157,3,Grand Apartments Amsterdam
Apartment Damstraat 1 E,1012 JL Amsterdam (Burgwallen-Oude Zijde),4000,Furnished,100,3,Prinsen Residence International
Apartment Nieuwe Keizersgracht 63 A,1018 VD Amsterdam (Weesperbuurt/Plantage),3500,Furnished,140,5,De la Haye Makelaardij O.G.
Apartment Koningslaan 24 C,1075 AD Amsterdam (Willemspark),3950,Upholstered,83,3,Amsterdam Housing
Apartment Westerstraat,1015 LZ Amsterdam (Jordaan),1950,Upholstered,50,2,V-Amsterdam
Apartment Keizersgracht 680 II+III,1017 ET Amsterdam (Grachtengordel-Zuid),3950,Before 1906,125,3,Peter Bruin Makelaardij
Apartment Alexander Boersstraat 31 I,1071 KV Amsterdam (Museumkwartier),2500,Upholstered or furnished,61,2,Ter Haar Makelaars B.V.
Apartment Koninginneweg,1075 CT Amsterdam (Willemspark),4000,Furnished,147,4,Inter Immo Amsterdam
Apartment Borneostraat,1094 CJ Amsterdam (Indische Buurt West),2500,Upholstered,142,4,Klok Real Estate
Apartment Stadionweg,1077 TA Amsterdam (Apollobuurt),3000,²3 rooms1931-1944,120,3,Heeren Makelaars B.V.
Apartment Sarphatistraat,1018 GK Amsterdam (Weesperbuurt/Plantage),4950,Furnished,142,5,Eefje Voogd Makelaardij
Apartment Rozengracht,1016 SZ Amsterdam (Jordaan),2500,Furnished,80,2,Expats. Amsterdam Rentals
Apartment Singel,1016 AC Amsterdam (Grachtengordel-West),3450,Furnished,105,4,Keizerskroon makelaars
Apartment Graafschapstraat,1079 PE Amsterdam (Scheldebuurt),1855,²3 rooms2016,73,3,Wooove B.V.
Apartment Herengracht 132 C,1015 BV Amsterdam (Grachtengordel-West),10500,Upholstered or furnished,190,4,AmsterHomes
Apartment Keizersgracht 114,1015 CV Amsterdam (Grachtengordel-West),3000,Furnished,80,4,Oei Housing Amsterdam - Expat Apartments
Apartment Vondelstraat,1054 GE Amsterdam (Vondelbuurt),2950,²3 rooms1870,125,3,Von Poll Real Estate - Centrum
Apartment Johannes Verhulststraat 224 H,1075 HG Amsterdam (Willemspark),4000,Upholstered,140,5,De Graaf & Groot Makelaars
Apartment Titiaanstraat,1077 RL Amsterdam (Apollobuurt),4500,²,171,7,Von Poll Real Estate - Centrum
Apartment Beethovenstraat,1077 JP Amsterdam (Apollobuurt),3800,Furnished,134,3,Brixt
Apartment Duke Ellingtonstraat,1066 GE Amsterdam (Sloter-/Riekerpolder),2150,Furnished,94,1,123Wonen Amsterdam
House Prinsengracht 516,1017 KJ Amsterdam (De Weteringschans),13500,Upholstered,536,5,Vastgoed Unie Makelaardij
Apartment Tweede Oosterparkstraat 184 H,1092 BT Amsterdam (Oosterparkbuurt),2100,Upholstered,84,3,The Tenants Group
Apartment Roerstraat,1078 LL Amsterdam (Scheldebuurt),2300,Furnished,75,3,The Tenants Group
Apartment Geschutswerf,1018 AW Amsterdam (Oostelijke Eilanden/Kadijken),3495,Furnished,170,4,City Homes
Apartment Uiterwaardenstraat,1079 DD Amsterdam (Scheldebuurt),3250,²,120,4,Ramón Mossel Makelaardij
Apartment Orteliusstraat 221 3,1056 NR Amsterdam (Van Galenbuurt),1850,Furnished,60,2,ViaDaan
House Simon Stevinstraat 33 hs,1097 BX Amsterdam (Frankendael),3250,Upholstered,138,5,27 Huis Makelaars
Apartment Rustenburgerstraat 146 A20,1073 GJ Amsterdam (Nieuwe Pijp),2300,Furnished,55,3,ViaDaan
Apartment Olympiaplein 19 BV,1077 CK Amsterdam (Apollobuurt),4500,Upholstered,200,6,Parker & Williams Real Estate Services
Apartment Jan Luijkenstraat,1071 CS Amsterdam (Museumkwartier),5000,Furnished,236,4,NOORESTATE
Apartment Van Baerlestraat 72 D,1071 BA Amsterdam (Museumkwartier),3500,Upholstered,150,3,Apollo Makelaardij
Apartment Minervalaan,1077 PK Amsterdam (Apollobuurt),3950,Upholstered,140,3,"City Homes,                                                                                 Hakkenbroek Housing Company"
Apartment Keizersgracht 734 C,1017 EW Amsterdam (Grachtengordel-Zuid),3250,Upholstered,136,3,27 Huis Makelaars
Apartment Vossiusstraat 39 hs,1071 AH Amsterdam (Museumkwartier),7000,Upholstered,260,7,Dutch Housing Centre BV
Apartment Herengracht,1017 CD Amsterdam (Grachtengordel-Zuid),5400,Furnished,125,3,Prestige Housing
Apartment Lodewijk van Deysselstraat,1067 CJ Amsterdam (Geuzenveld),1160,²3 rooms2021,83,3,Wooove B.V.
House Valeriusplein,1075 BJ Amsterdam (Willemspark),8000,Upholstered,366,6,Inter Immo Amsterdam
Apartment Nicolaas Witsenkade,1017 ZS Amsterdam (De Weteringschans),7950,Furnished,200,6,Koops Makelaardij Amsterdam
House Bongerdkade,1036 LZ Amsterdam (Tuindorp Oostzaan),3100,Furnished,150,5,020Apartment
Apartment Keizersgracht,1017 EM Amsterdam (Grachtengordel-Zuid),10750,Furnished,320,7,Von Poll Real Estate - Zuidas
Apartment Singel 91 E,1012 VG Amsterdam (Burgwallen-Nieuwe Zijde),2850,Furnished,110,2,Amsterdam Housing
Apartment Valeriusstraat 24 hs,1071 MJ Amsterdam (Museumkwartier),4750,Upholstered,148,5,Dutch Housing Centre BV
Apartment Kerkstraat,1017 HW Amsterdam (Grachtengordel-Zuid),5000,Furnished,120,3,Expats. Amsterdam Rentals
Apartment Koningin Wilhelminaplein,1062 KS Amsterdam (Westlandgracht),1665,²2 rooms2016,64,2,Wooove B.V.
Apartment IJselstraat 87 H,1078 CG Amsterdam (IJselbuurt),1875,Upholstered,50,3,Expat Rental Scout
Apartment Eerste Schinkelstraat 23 H,1075 TV Amsterdam (Schinkelbuurt),3950,Upholstered,150,4,Amsterdam Housing
House Van Breestraat 139 hs,1071 ZL Amsterdam (Museumkwartier),4950,Upholstered,140,5,Dutch Housing Centre BV
Apartment Spuistraat 257 D,1012 VR Amsterdam (Burgwallen-Nieuwe Zijde),2750,Upholstered,60,4,Smit & Heinen Makelaars en Taxateurs
Apartment Wagenstraat,1017 CZ Amsterdam (Grachtengordel-Zuid),3100,Upholstered,90,3,Rotsvast Amsterdam
Apartment De Lairessestraat 172 B,1075 HM Amsterdam (Willemspark),2950,Furnished,84,3,Oei Housing Amsterdam - Expat Apartments
Apartment Laan der Hesperiden 16 H,1076 DK Amsterdam (Stadionbuurt),3500,Upholstered,127,3,huishuren.nu
Apartment Plantage Middenlaan,1018 DA Amsterdam (Weesperbuurt/Plantage),2950,Upholstered,140,4,Rotsvast Amsterdam
Apartment Oosterpark 62 I,1092 AR Amsterdam (Oosterparkbuurt),3000,Furnished,85,3,EHR Amsterdam
Apartment Oosterpark 62 II,1092 AR Amsterdam (Oosterparkbuurt),3000,Furnished,85,3,EHR Amsterdam
Apartment Stadionweg 140 I,1077 SX Amsterdam (Apollobuurt),3000,Upholstered,111,4,Dutch Housing Centre BV
Apartment Kleiburg,"1104 EA Amsterdam (Bijlmer Oost (E,G,K))",2095,Furnished,132,4,HouseHunting Randstad
Apartment Geschutswerf 63,1018 AW Amsterdam (Oostelijke Eilanden/Kadijken),3500,²2 rooms1840,164,2,DSTRCT Amsterdam
Apartment Oudeschans 18 III,1011 LA Amsterdam (Nieuwmarkt/Lastage),3500,Furnished,100,3,De la Haye Makelaardij O.G.
Apartment Rustenburgerstraat 146 A20,1073 GJ Amsterdam (Nieuwe Pijp),2300,Furnished,55,3,ViaDaan
Apartment Groenburgwal 14 IV,1011 HV Amsterdam (Nieuwmarkt/Lastage),4400,Furnished,189,3,Makelaarskantoor Carla van den Brink
House Troelstralaan,1067 MX Amsterdam (Geuzenveld),2600,Furnished,110,4,Amsterdam Property Renting
Apartment Beemsterstraat 542 F2,1024 BV Amsterdam (Waterlandpleinbuurt),1295,²3 rooms1970,83,3,Heimstaden
Apartment Leonardostraat 6 I,1077 EV Amsterdam (Apollobuurt),4500,Upholstered,185,6,Dutch Housing Centre BV
Apartment Dam,1012 JS Amsterdam (Burgwallen-Oude Zijde),5500,Upholstered or furnished,125,3,Out Amsterdam
Apartment Koningin Wilhelminaplein,1062 KS Amsterdam (Westlandgracht),2250,Furnished,90,3,Skyreach Stay
Apartment Tweede Hugo de Grootstraat,1052 LC Amsterdam (Frederik Hendrikbuurt),1875,Upholstered,52,2,Expathousing.com (Amsterdam)
Apartment Van Eeghenstraat 103 2,1071 EZ Amsterdam (Museumkwartier),5000,Upholstered,204,6,Broersma Makelaardij
Apartment Nieuwe Prinsengracht,1018 VT Amsterdam (Weesperbuurt/Plantage),2300,Furnished,75,2,City Homes
Apartment Evertsweertplantsoen 22,1069 RL Amsterdam (Osdorp-Midden),1849,Upholstered or furnished,60,2,ViaDaan
Apartment Keizersstraat,1011 GD Amsterdam (Nieuwmarkt/Lastage),2500,Furnished,100,3,Michiel Stolker Real Estate
Apartment Brouwersgracht 180 A,1013 HC Amsterdam (Haarlemmerbuurt),7000,Furnished,200,4,Prinsen Residence International
House Prinsengracht 264,1016 HH Amsterdam (Jordaan),9500,²,240,7,Makelaarskantoor Carla van den Brink
Apartment Willemsparkweg,1071 GN Amsterdam (Museumkwartier),4950,Upholstered,185,6,Aham Vastgoed
Apartment Kerkstraat 132 A,1017 GP Amsterdam (Grachtengordel-Zuid),3450,Before 1906,129,4,Broersma Makelaardij
Apartment Minervalaan,1077 NL Amsterdam (Apollobuurt),4450,Upholstered,164,6,Park Real Estate
Apartment Leeuwenwerf,1018 KA Amsterdam (Oostelijke Eilanden/Kadijken),2450,²,104,4,Huisportaal.nl
House Moestuinlaan,1036 KD Amsterdam (Tuindorp Oostzaan),4500,Upholstered or furnished,200,10,Von Poll Real Estate - Centrum
Apartment Van Breestraat 90 II,1071 ZS Amsterdam (Museumkwartier),4250,Upholstered,122,7,Dutch Housing Centre BV
Apartment Esplanade de Meer,1098 WN Amsterdam (Middenmeer),2500,Furnished,96,3,The Dutch Realty
Apartment NDSM-kade,1033 PG Amsterdam (Noordelijke IJ-oevers West),1694,Upholstered,89,2,"FRIS Woningmakelaars Amsterdam,                                                                                 Eefje Voogd Makelaardij"
Apartment NDSM-kade,1033 PG Amsterdam (Noordelijke IJ-oevers West),1568,Upholstered,64,2,"FRIS Woningmakelaars Amsterdam,                                                                                 Eefje Voogd Makelaardij"
Apartment NDSM-kade,1033 PG Amsterdam (Noordelijke IJ-oevers West),1265,Upholstered,63,2,"FRIS Woningmakelaars Amsterdam,                                                                                 Eefje Voogd Makelaardij"
Apartment NDSM-kade,1033 PG Amsterdam (Noordelijke IJ-oevers West),1487,Upholstered,71,2,"FRIS Woningmakelaars Amsterdam,                                                                                 Eefje Voogd Makelaardij"
Apartment Plantage Middenlaan,1018 DE Amsterdam (Weesperbuurt/Plantage),3150,Upholstered,147,4,Keij & Stefels Makelaars en Taxateurs
Apartment Grasweg 168,1031 HX Amsterdam (Noordelijke IJ-oevers West),1550,²3 rooms2021-2030,62,3,Uppmark
Apartment Mary van der Sluisstraat 284 *,1095 ME Amsterdam (Zeeburgereiland/Nieuwe Diep),2250,²3 rooms2017,88,3,Mid-stay Apartments
Apartment Houthavenweg,1014 ZA Amsterdam (Houthavens),1688,²1 room2022,60,1,Wooove B.V.
Apartment Haparandaweg,1013 BD Amsterdam (Houthavens),1328,²1 room2022,43,1,Wooove B.V.
Apartment Lijnbaansgracht,1016 VX Amsterdam (Jordaan),7500,Upholstered or furnished,178,2,Kerkvliet Makelaars
Apartment Rustenburgerstraat 146 A20,1073 GJ Amsterdam (Nieuwe Pijp),2300,Furnished,55,3,ViaDaan
Apartment Grasweg 148,1031 HX Amsterdam (Noordelijke IJ-oevers West),1550,²3 rooms2021-2030,69,3,Uppmark
Apartment Grasweg 122,1031 HX Amsterdam (Noordelijke IJ-oevers West),1747,²2 rooms2021-2030,90,2,Uppmark
Apartment Ruysdaelkade 197 2,1072 AV Amsterdam (Nieuwe Pijp),1865,Furnished,58,3,The Tenants Group
Apartment Willem Parelstraat,1018 KZ Amsterdam (Oostelijke Eilanden/Kadijken),1850,²,84,3,Eefje Voogd Makelaardij
Apartment Keizersgracht 385 B,1016 EJ Amsterdam (Grachtengordel-West),9750,Upholstered or furnished,300,5,Parker & Williams Real Estate Services
Apartment Aalsmeerweg 37 H,1059 AB Amsterdam (Hoofddorppleinbuurt),3000,Upholstered,90,4,ViaDaan
Studio Wibautstraat 150,1091 GR Amsterdam (Weesperzijde),3250,Furnished,40,1,ViaDaan
Apartment Grasweg 278,1031 HX Amsterdam (Noordelijke IJ-oevers West),1446,²3 rooms2021-2030,62,3,Uppmark
Apartment Kalverstraat,1012 PH Amsterdam (Burgwallen-Nieuwe Zijde),2750,Furnished,110,4,The Dutch Realty
Apartment Bos en Lommerplantsoen,1055 AA Amsterdam (De Kolenkit),4500,Furnished,50,2,Rotterdam Apartments
Apartment Grasweg 124,1031 HX Amsterdam (Noordelijke IJ-oevers West),2154,²3 rooms2021-2030,106,3,Uppmark
Apartment Grasweg 344,1031 HX Amsterdam (Noordelijke IJ-oevers West),1773,²3 rooms2021-2030,74,3,Uppmark
Apartment Grasweg 138,1031 HX Amsterdam (Noordelijke IJ-oevers West),1540,²3 rooms2021-2030,69,3,Uppmark
Apartment Grasweg 292,1031 HX Amsterdam (Noordelijke IJ-oevers West),1447,²3 rooms2021-2030,63,3,Uppmark
Apartment Grasweg 152,1031 HX Amsterdam (Noordelijke IJ-oevers West),1367,²3 rooms2021-2030,62,3,Uppmark
Apartment Albert Cuypstraat 143 3,1072 CS Amsterdam (Oude Pijp),2900,Furnished,53,2,Surreal Estate
Studio August Allebéplein,1062 AC Amsterdam (Overtoomse Veld),673,Upholstered,30,1,Change=
Apartment Prinsengracht,1016 GV Amsterdam (Grachtengordel-West),4900,Upholstered or furnished,100,3,Top Select Housing
Apartment NDSM-kade,1033 PG Amsterdam (Noordelijke IJ-oevers West),2654,Upholstered,129,4,"FRIS Woningmakelaars Amsterdam,                                                                                 Eefje Voogd Makelaardij"
Apartment Stromarkt,1012 SW Amsterdam (Burgwallen-Nieuwe Zijde),2350,Furnished,65,2,123Wonen Amsterdam
Apartment Stadionweg,1077 ST Amsterdam (Apollobuurt),2700,Upholstered or furnished,120,3,Van Laar Vastgoed
Apartment John Blankensteinstraat,1095 MB Amsterdam (Zeeburgereiland/Nieuwe Diep),3400,Upholstered,105,5,Amsterdam Property Renting
Studio Elizabeth Cady Stantonplein,"1102 BL Amsterdam (Bijlmer Centrum (D,F,H))",655,Upholstered,30,1,Change=
Apartment Tasmanstraat 3,1013 PW Amsterdam (Houthavens),2150,Furnished,100,4,ViaDaan
Apartment Koningin Wilhelminaplein,1062 KS Amsterdam (Westlandgracht),2250,Furnished,90,3,Skyreach Stay
Apartment IJdok,1013 MM Amsterdam (Haarlemmerbuurt),2550,Upholstered or furnished,55,2,startupstays
Apartment Amstelveenseweg,1075 XL Amsterdam (Schinkelbuurt),2450,Upholstered or furnished,70,3,Skyreach Stay
Apartment Van Spilbergenstraat,1057 RP Amsterdam (Hoofdweg e.o.),1655,²3 rooms1906-1930,50,3,Visch & Van Zeggelaar Amsterdam
Apartment Admiraal De Ruijterweg,1055 ND Amsterdam (Landlust),1600,Upholstered,61,2,RKZ Makelaars
Apartment Admiraal De Ruijterweg,1055 ND Amsterdam (Landlust),1600,Upholstered,60,2,RKZ Makelaars
Apartment Rustenburgerstraat 146 A20,1073 GJ Amsterdam (Nieuwe Pijp),2300,Furnished,55,3,ViaDaan
Apartment Kanaalstraat,1054 XB Amsterdam (Overtoomse Sluis),2650,²3 rooms1906-1930,110,3,Van Maarschalkerwaart Makelaars
Apartment Valkenburgerstraat 132 D,1011 NA Amsterdam (Nieuwmarkt/Lastage),2650,Upholstered or furnished,95,3,Ter Haar Makelaars B.V.
Apartment Tweede Atjehstraat 49 1,1094 LD Amsterdam (Indische Buurt West),1850,Furnished,60,3,Parker & Williams Real Estate Services
Apartment Overtoom,1054 LN Amsterdam (Overtoomse Sluis),1850,Upholstered or furnished,63,2,ViaDjo
Apartment Elisabeth Wolffstraat,1053 TT Amsterdam (Kinkerbuurt),2200,²4 rooms1901,64,4,ME Makelaars BV
Apartment Ferdinand Bolstraat 132 2,1072 LR Amsterdam (Oude Pijp),1825,Furnished,52,2,KK Amsterdam
Apartment Palmgracht 59,1015 HL Amsterdam (Jordaan),1150,Upholstered or furnished,40,1,PropertiesNL Makelaardij
Apartment Czaar Peterstraat 72 E,1018 PR Amsterdam (Oostelijke Eilanden/Kadijken),1950,Furnished,80,3,JLG Real Estate
Apartment Leliegracht,1016 GN Amsterdam (Grachtengordel-West),1950,Before 1906,69,2,Engel en Volkers Amsterdam Centrum
Apartment Buyskade,1051 MD Amsterdam (Staatsliedenbuurt),1300,²1 room2003,67,1,Hallie & Van Klooster
Apartment Sloterkade 77 3,1058 HH Amsterdam (Hoofddorppleinbuurt),2500,Furnished,85,4,Listings
Apartment Schierstins,1082 TJ Amsterdam (Buitenveldert-West),1750,Furnished,67,3,AHA (Another Home Abroad)
Apartment Crynssenstraat,1058 XX Amsterdam (Westindische Buurt),2850,²,90,4,Van Maarschalkerwaart Makelaars
Apartment Buyskade,1051 MD Amsterdam (Staatsliedenbuurt),1450,²2 rooms2003,74,2,Hallie & Van Klooster
Apartment Admiralengracht,1057 EZ Amsterdam (Chassébuurt),2950,Furnished,96,4,ME Makelaars BV
Apartment Pieter Calandlaan,1068 NK Amsterdam (Osdorp-Oost),2000,Furnished,82,4,Brixt
Apartment Hogeweg,1098 BT Amsterdam (Middenmeer),2500,²3 rooms1900,70,3,Visch & Van Zeggelaar Amsterdam
Apartment Prinsengracht,1016 HP Amsterdam (Grachtengordel-West),5500,Upholstered,177,4,NOORESTATE
Apartment Bloemgracht 191 C,1016 KP Amsterdam (Jordaan),2200,Upholstered,67,3,Dutch Housing Centre BV
Apartment Van Baerlestraat 36 1,1071 AX Amsterdam (Museumkwartier),2250,Upholstered,60,2,Parker & Williams Real Estate Services
Apartment Valeriusstraat,1071 MD Amsterdam (Museumkwartier),5500,Upholstered or furnished,144,5,VV Real Estate
Apartment Oudeschans 79 R,1011 KW Amsterdam (Nieuwmarkt/Lastage),2400,Furnished,80,3,Amstelland Makelaars
Apartment Nieuwe Looiersstraat,1017 VA Amsterdam (De Weteringschans),2850,Furnished,90,3,Van Maarschalkerwaart Makelaars
Apartment Zocherstraat 29 1,1054 LR Amsterdam (Overtoomse Sluis),2750,²3 rooms1916,84,3,Engel en Volkers Amsterdam
Apartment KNSM-laan 465,1019 LG Amsterdam (Oostelijk Havengebied),1850,²3 rooms1996,86,3,Aemestelle Makelaars Amsterdam
House Soetendaal,1081 BN Amsterdam (Buitenveldert-West),4000,Upholstered,170,7,AHA (Another Home Abroad)
Apartment Zeeburgerkade 1204,1019 VK Amsterdam (Oostelijk Havengebied),2300,Upholstered,105,4,Dutch Housing Centre BV
Apartment Bloemgracht 110 A,1015 TN Amsterdam (Jordaan),2450,Upholstered,90,3,Dutch Housing Centre BV
Apartment Archimedesweg,1098 JP Amsterdam (Middenmeer),2350,Furnished,73,4,Makelaardij Prins van Wijngaarden
Apartment Oudezijds Armsteeg 4 E,1012 GP Amsterdam (Burgwallen-Oude Zijde),1700,Furnished,80,2,Parker & Williams Real Estate Services
Apartment Rustenburgerstraat 146 A20,1073 GJ Amsterdam (Nieuwe Pijp),2300,Furnished,55,3,ViaDaan
Apartment Ferdinand Bolstraat,1072 LC Amsterdam (Oude Pijp),2400,Upholstered or furnished,80,3,Kalwij Vastgoed
Apartment H. Cleyndertweg 589,1025 DX Amsterdam (Buikslotermeer),2000,Furnished,81,4,Amsterdam Housing
Apartment Van Ollefenstraat,1065 LK Amsterdam (Slotervaart Zuid),1350,²3 rooms1994,69,3,NEWCURB Makelaars
Apartment Brachthuijzerstraat 5 2,1075 EN Amsterdam (Willemspark),2250,Furnished,70,2,Parker & Williams Real Estate Services
Apartment Eerste Atjehstraat 21 3,1094 JZ Amsterdam (Indische Buurt West),1850,Upholstered,54,2,Aemestelle Makelaars Amsterdam
Apartment Lutmastraat 223 hs,1074 TX Amsterdam (Zuid Pijp),2250,Furnished,71,2,Amsterdam Housing
Apartment Oudezijds Achterburgwal,1012 DG Amsterdam (Burgwallen-Oude Zijde),2150,Upholstered,99,3,Sweers & Boys
Studio Haparandaweg,1013 BD Amsterdam (Houthavens),2000,Furnished,43,2,Amsterdam Rentals
Apartment Marie Heinekenplein,1072 MK Amsterdam (Oude Pijp),2400,²3 rooms1995,105,3,Peters & Partners
Apartment Jozef Israëlskade,1073 RC Amsterdam (Zuid Pijp),1850,Furnished,47,2,Amsterdam Rentals
Apartment Weesperzijde,1091 EB Amsterdam (Weesperzijde),2500,Furnished,75,3,Von Poll Real Estate - Centrum
Apartment Chestertonlaan,"1102 XT Amsterdam (Bijlmer Centrum (D,F,H))",1400,Upholstered,65,2,LV Housing
Apartment Willem van Weldammelaan 86,1082 KW Amsterdam (Buitenveldert-West),2750,Upholstered,125,4,Amsterdam Housing
House Scheepsbouwweg,1033 DC Amsterdam (Tuindorp Oostzaan),1950,²,75,3,Heeren Makelaars B.V.
Apartment Vätternkade,1060 PK Amsterdam (Middelveldsche Akerpolder),2450,Upholstered or furnished,120,4,Alcoco.nl
Apartment Burgemeester Hogguerstraat 737,1064 EA Amsterdam (Slotermeer-Zuidwest),2250,Furnished,100,5,The Brick Club
Apartment Van Nijenrodeweg 366,1082 HE Amsterdam (Buitenveldert-West),2100,Upholstered or furnished,87,3,Mooi Makelaardij
Apartment Brouwersgracht,1015 GJ Amsterdam (Jordaan),2800,²3 rooms1658,120,3,Makelaarskantoor Babs Persoons B.V.
Apartment Diezestraat 32 II,1078 JS Amsterdam (Scheldebuurt),3250,²7 rooms1906-1930,150,7,Ter Haar Makelaars B.V.
Apartment Van Boshuizenstraat 295,1083 AX Amsterdam (Buitenveldert-Oost),2000,Furnished,74,3,Amsterdam Housing
Apartment Jasonstraat 51 2,1076 KZ Amsterdam (Stadionbuurt),2800,Upholstered,120,4,Prinsen Residence International
Apartment Rozengracht 114 I,1016 NH Amsterdam (Jordaan),2640,Furnished,88,3,Amsterdam Beautiful Property Rental
Apartment Westerdoksdijk 305,1013 AD Amsterdam (Haarlemmerbuurt),2250,²3 rooms2008,82,3,Peter Bruin Makelaardij
Apartment Kinderdijkstraat,1079 GP Amsterdam (Rijnbuurt),2400,²,86,3,Ramón Mossel Makelaardij
Apartment Alexander Boersstraat,1071 KZ Amsterdam (Museumkwartier),3000,²,134,4,Dames van Vermeer
Apartment Lauriergracht,1016 RG Amsterdam (Jordaan),1750,Upholstered or furnished,60,2,Alcoco.nl
Apartment Prinsengracht,1016 JB Amsterdam (Jordaan),2495,Furnished,85,2,People On The Move Expat Brokers
House Keizersgracht 663,1017 DV Amsterdam (Grachtengordel-Zuid),2300,Before 1906,90,5,Peter Bruin Makelaardij
Apartment Brouwersgracht 270 D,1013 HG Amsterdam (Haarlemmerbuurt),2700,Upholstered,85,3,House of Rentals
Apartment Bronckhorststraat 46,1071 WV Amsterdam (Museumkwartier),3500,Upholstered,104,4,Dutch Housing Centre BV
Apartment Rustenburgerstraat 146 A20,1073 GJ Amsterdam (Nieuwe Pijp),2300,Furnished,55,3,ViaDaan
Apartment Prinsengracht 246 H,1016 HE Amsterdam (Jordaan),3500,²,131,4,De la Haye Makelaardij O.G.
Apartment Runstraat 12 2,1016 GK Amsterdam (Grachtengordel-West),2650,Upholstered or furnished,88,4,Amsterdam Beautiful Property Rental
House Johannes Verhulststraat,1071 MX Amsterdam (Museumkwartier),13500,²,383,10,Heeren Makelaars B.V.
Apartment Bestevâerstraat,1055 TL Amsterdam (Landlust),1750,²,71,2,Hausing
Apartment Molukkenstraat,1095 BJ Amsterdam (Indische Buurt Oost),1750,Furnished,62,3,Keizerskroon makelaars
Apartment Frederiksplein 24 C,1017 XM Amsterdam (De Weteringschans),2450,Furnished,70,2,Parker & Williams Real Estate Services
Apartment Diezestraat,1078 JR Amsterdam (Scheldebuurt),3750,Upholstered,161,5,Keij & Stefels Makelaars en Taxateurs
Apartment Koninginneweg 40 C,1075 CZ Amsterdam (Willemspark),6500,²6 rooms1914,180,6,Peter Bruin Makelaardij
Apartment Geldersekade,1011 EH Amsterdam (Burgwallen-Oude Zijde),2500,Upholstered or furnished,70,3,P&P Vastgoed Makelaars B.V.
Apartment Nieuwpoortstraat 94 C6,1055 RZ Amsterdam (Landlust),1700,Upholstered,48,2,Rent a Stone
Apartment Rietlandpark,1019 DR Amsterdam (Oostelijk Havengebied),2495,Furnished,120,3,People On The Move Expat Brokers
House Prinsengracht,1016 JA Amsterdam (Jordaan),3950,Upholstered,181,6,Kalwij Vastgoed
Apartment Bloemgracht,1015 TT Amsterdam (Jordaan),6000,Upholstered,195,6,Koops Makelaardij Amsterdam
House Veenbesstraat 2,1036 LP Amsterdam (Tuindorp Oostzaan),2500,Upholstered,130,5,The Rental Agency Amsterdam
Apartment Haarlemmerweg 55 3,1051 KP Amsterdam (Staatsliedenbuurt),2250,Upholstered,69,4,Parker & Williams Real Estate Services
Apartment Plantage Kerklaan,1018 SX Amsterdam (Weesperbuurt/Plantage),2750,Furnished,90,3,Koops Makelaardij Amsterdam
Apartment Emmy Andriessestraat,1087 NE Amsterdam (IJburg Zuid),1784,²3 rooms2010,114,3,Van 't Hof Rijnland Vastgoedmanagement
Apartment Leliegracht 12 II,1015 DE Amsterdam (Grachtengordel-West),3400,Furnished,160,3,Amsterdam Housing
